email;password
testdd0516@gr1.com;ajbPwV
testdd0509@gr1.com;ajbPwV
testn5597@gr1.com;ajbPwV
testn5596@gr1.com;ajbPwV
testn5598@gr1.com;ajbPwV
testdd0511@gr1.com;ajbPwV
testdd0513@gr1.com;ajbPwV
testdd0512@gr1.com;ajbPwV
testdd0514@gr1.com;ajbPwV
testdd0510@gr1.com;ajbPwV
testn5599@gr1.com;ajbPwV
testn5600@gr1.com;ajbPwV
testdd0515@gr1.com;ajbPwV
testn5601@gr1.com;ajbPwV
testn5602@gr1.com;ajbPwV
testn5603@gr1.com;ajbPwV
testdd0502@gr1.com;ajbPwV
testn5590@gr1.com;ajbPwV
testn5589@gr1.com;ajbPwV
testn5591@gr1.com;ajbPwV
testdd0504@gr1.com;ajbPwV
testn5592@gr1.com;ajbPwV
testn5588@gr1.com;ajbPwV
testdd0505@gr1.com;ajbPwV
testdd0503@gr1.com;ajbPwV
testn5593@gr1.com;ajbPwV
testn5594@gr1.com;ajbPwV
testn5595@gr1.com;ajbPwV
testdd0507@gr1.com;ajbPwV
testdd0506@gr1.com;ajbPwV
testdd0508@gr1.com;ajbPwV
testdd0495@gr1.com;ajbPwV
testdd0498@gr1.com;ajbPwV
testdd0497@gr1.com;ajbPwV
testdd0499@gr1.com;ajbPwV
testn5582@gr1.com;ajbPwV
testn5581@gr1.com;ajbPwV
testn5583@gr1.com;ajbPwV
testdd0496@gr1.com;ajbPwV
testn5580@gr1.com;ajbPwV
testn5584@gr1.com;ajbPwV
testn5585@gr1.com;ajbPwV
testn5586@gr1.com;ajbPwV
testdd0500@gr1.com;ajbPwV
testn5587@gr1.com;ajbPwV
testdd0501@gr1.com;ajbPwV
testdd0488@gr1.com;ajbPwV
testdd0490@gr1.com;ajbPwV
testn5574@gr1.com;ajbPwV
testdd0491@gr1.com;ajbPwV
testn5573@gr1.com;ajbPwV
testn5575@gr1.com;ajbPwV
testn5572@gr1.com;ajbPwV
testn5576@gr1.com;ajbPwV
testn5577@gr1.com;ajbPwV
testdd0489@gr1.com;ajbPwV
testdd0492@gr1.com;ajbPwV
testn5578@gr1.com;ajbPwV
testdd0493@gr1.com;ajbPwV
testdd0494@gr1.com;ajbPwV
testn5579@gr1.com;ajbPwV
testdd0481@gr1.com;ajbPwV
testn5566@gr1.com;ajbPwV
testdd0483@gr1.com;ajbPwV
testn5567@gr1.com;ajbPwV
testdd0482@gr1.com;ajbPwV
testdd0484@gr1.com;ajbPwV
testn5565@gr1.com;ajbPwV
testn5568@gr1.com;ajbPwV
testn5564@gr1.com;ajbPwV
testn5569@gr1.com;ajbPwV
testdd0486@gr1.com;ajbPwV
testdd0485@gr1.com;ajbPwV
testn5570@gr1.com;ajbPwV
testn5571@gr1.com;ajbPwV
testdd0487@gr1.com;ajbPwV
testdd0474@gr1.com;ajbPwV
testdd0477@gr1.com;ajbPwV
testn5557@gr1.com;ajbPwV
testn5558@gr1.com;ajbPwV
testdd0476@gr1.com;ajbPwV
testdd0478@gr1.com;ajbPwV
testn5556@gr1.com;ajbPwV
testn5559@gr1.com;ajbPwV
testdd0475@gr1.com;ajbPwV
testn5560@gr1.com;ajbPwV
testn5561@gr1.com;ajbPwV
testdd0479@gr1.com;ajbPwV
testn5562@gr1.com;ajbPwV
testdd0480@gr1.com;ajbPwV
testn5563@gr1.com;ajbPwV
testdd0467@gr1.com;ajbPwV
testn5550@gr1.com;ajbPwV
testn5549@gr1.com;ajbPwV
testdd0470@gr1.com;ajbPwV
testdd0469@gr1.com;ajbPwV
testn5551@gr1.com;ajbPwV
