email,password
usercustomer0000@gr1.com,ajbPwV
usercustomer0001@gr1.com,ajbPwV
usercustomer0002@gr1.com,ajbPwV
usercustomer0003@gr1.com,ajbPwV
usercustomer0004@gr1.com,ajbPwV
usercustomer0005@gr1.com,ajbPwV
usercustomer0006@gr1.com,ajbPwV
usercustomer0007@gr1.com,ajbPwV
usercustomer0008@gr1.com,ajbPwV
usercustomer0009@gr1.com,ajbPwV
usercustomer0010@gr1.com,ajbPwV
usercustomer0011@gr1.com,ajbPwV
usercustomer0012@gr1.com,ajbPwV
usercustomer0013@gr1.com,ajbPwV
usercustomer0014@gr1.com,ajbPwV
usercustomer0015@gr1.com,ajbPwV
usercustomer0016@gr1.com,ajbPwV
usercustomer0017@gr1.com,ajbPwV
usercustomer0018@gr1.com,ajbPwV
usercustomer0019@gr1.com,ajbPwV
usercustomer0020@gr1.com,ajbPwV
usercustomer0021@gr1.com,ajbPwV
usercustomer0022@gr1.com,ajbPwV
usercustomer0023@gr1.com,ajbPwV
usercustomer0024@gr1.com,ajbPwV
usercustomer0025@gr1.com,ajbPwV
usercustomer0026@gr1.com,ajbPwV
usercustomer0027@gr1.com,ajbPwV
usercustomer0028@gr1.com,ajbPwV
usercustomer0029@gr1.com,ajbPwV
usercustomer0030@gr1.com,ajbPwV
usercustomer0031@gr1.com,ajbPwV
usercustomer0032@gr1.com,ajbPwV
usercustomer0033@gr1.com,ajbPwV
usercustomer0034@gr1.com,ajbPwV
usercustomer0035@gr1.com,ajbPwV
usercustomer0036@gr1.com,ajbPwV
usercustomer0037@gr1.com,ajbPwV
usercustomer0038@gr1.com,ajbPwV
usercustomer0039@gr1.com,ajbPwV
usercustomer0040@gr1.com,ajbPwV
usercustomer0041@gr1.com,ajbPwV
usercustomer0042@gr1.com,ajbPwV
usercustomer0043@gr1.com,ajbPwV
usercustomer0044@gr1.com,ajbPwV
usercustomer0045@gr1.com,ajbPwV
usercustomer0046@gr1.com,ajbPwV
usercustomer0047@gr1.com,ajbPwV
usercustomer0048@gr1.com,ajbPwV
usercustomer0049@gr1.com,ajbPwV
usercustomer0050@gr1.com,ajbPwV
usercustomer0051@gr1.com,ajbPwV
usercustomer0052@gr1.com,ajbPwV
usercustomer0053@gr1.com,ajbPwV
usercustomer0054@gr1.com,ajbPwV
usercustomer0055@gr1.com,ajbPwV
usercustomer0056@gr1.com,ajbPwV
usercustomer0057@gr1.com,ajbPwV
usercustomer0058@gr1.com,ajbPwV
usercustomer0059@gr1.com,ajbPwV
usercustomer0060@gr1.com,ajbPwV
usercustomer0061@gr1.com,ajbPwV
usercustomer0062@gr1.com,ajbPwV
usercustomer0063@gr1.com,ajbPwV
usercustomer0064@gr1.com,ajbPwV
usercustomer0065@gr1.com,ajbPwV
usercustomer0066@gr1.com,ajbPwV
usercustomer0067@gr1.com,ajbPwV
usercustomer0068@gr1.com,ajbPwV
usercustomer0069@gr1.com,ajbPwV
usercustomer0070@gr1.com,ajbPwV
usercustomer0071@gr1.com,ajbPwV
usercustomer0072@gr1.com,ajbPwV
usercustomer0073@gr1.com,ajbPwV
usercustomer0074@gr1.com,ajbPwV
usercustomer0075@gr1.com,ajbPwV
usercustomer0076@gr1.com,ajbPwV
usercustomer0077@gr1.com,ajbPwV
usercustomer0078@gr1.com,ajbPwV
usercustomer0079@gr1.com,ajbPwV
usercustomer0080@gr1.com,ajbPwV
usercustomer0081@gr1.com,ajbPwV
usercustomer0082@gr1.com,ajbPwV
usercustomer0083@gr1.com,ajbPwV
usercustomer0084@gr1.com,ajbPwV
usercustomer0085@gr1.com,ajbPwV
usercustomer0086@gr1.com,ajbPwV
usercustomer0087@gr1.com,ajbPwV
usercustomer0088@gr1.com,ajbPwV
usercustomer0089@gr1.com,ajbPwV
usercustomer0090@gr1.com,ajbPwV
usercustomer0091@gr1.com,ajbPwV
usercustomer0092@gr1.com,ajbPwV
usercustomer0093@gr1.com,ajbPwV
usercustomer0094@gr1.com,ajbPwV
usercustomer0095@gr1.com,ajbPwV
usercustomer0096@gr1.com,ajbPwV
usercustomer0097@gr1.com,ajbPwV
usercustomer0098@gr1.com,ajbPwV
