email,password
usercustomernWx4fkOo@gr1.com,ajbPwV
usercustomerPks47GZy@gr1.com,ajbPwV
usercustomerBbRGedi6@gr1.com,ajbPwV
usercustomerpV5lvSKs@gr1.com,ajbPwV
usercustomergenZLFJy@gr1.com,ajbPwV
usercustomerKh8cp4EX@gr1.com,ajbPwV
usercustomerK6a8Kmrn@gr1.com,ajbPwV
usercustomer56zFnPJk@gr1.com,ajbPwV
usercustomerULtoF8Tf@gr1.com,ajbPwV
usercustomersNomxv5o@gr1.com,ajbPwV
usercustomer2lroXpbB@gr1.com,ajbPwV
usercustomerfp8curVP@gr1.com,ajbPwV
usercustomer3BRPOpS4@gr1.com,ajbPwV
usercustomerlLgb9Kaj@gr1.com,ajbPwV
usercustomereboZxaKK@gr1.com,ajbPwV
usercustomer2soBEhEe@gr1.com,ajbPwV
usercustomerp02vTM66@gr1.com,ajbPwV
usercustomert0ATnqTM@gr1.com,ajbPwV
usercustomer1v1VZOrX@gr1.com,ajbPwV
usercustomermDe3eYtd@gr1.com,ajbPwV
usercustomerBlU4xn4c@gr1.com,ajbPwV
usercustomer7Hy9xh91@gr1.com,ajbPwV
usercustomerhPjw2PZN@gr1.com,ajbPwV
usercustomer8GAAYbCv@gr1.com,ajbPwV
usercustomer1cWMIbl6@gr1.com,ajbPwV
usercustomersA6FgvwD@gr1.com,ajbPwV
usercustomeroer8erMW@gr1.com,ajbPwV
usercustomerTRKqCoY8@gr1.com,ajbPwV
usercustomerjM4JYGzp@gr1.com,ajbPwV
usercustomerOqHuLMHf@gr1.com,ajbPwV
usercustomer47iK4j54@gr1.com,ajbPwV
usercustomerBOuRYxJk@gr1.com,ajbPwV
usercustomerQg8NH9f7@gr1.com,ajbPwV
usercustomerw7R4MxRg@gr1.com,ajbPwV
usercustomerE9bvW2h7@gr1.com,ajbPwV
usercustomerNnlYTLO7@gr1.com,ajbPwV
usercustomerOzekCmDN@gr1.com,ajbPwV
usercustomer6M4MOxvZ@gr1.com,ajbPwV
usercustomerpRz5umfb@gr1.com,ajbPwV
usercustomerkV4qKbm5@gr1.com,ajbPwV
usercustomerBD9qIv4c@gr1.com,ajbPwV
usercustomer56U6phNB@gr1.com,ajbPwV
usercustomeriAUTIl3H@gr1.com,ajbPwV
usercustomerNlhg73Gc@gr1.com,ajbPwV
usercustomerA6WH6hG6@gr1.com,ajbPwV
usercustomerpdJlLlut@gr1.com,ajbPwV
usercustomerw5gZtSWi@gr1.com,ajbPwV
usercustomermK3vjuay@gr1.com,ajbPwV
usercustomerhcxOYFh0@gr1.com,ajbPwV
usercustomerbAXRVNUo@gr1.com,ajbPwV
usercustomerIuwDNLm9@gr1.com,ajbPwV
usercustomer9tveek9D@gr1.com,ajbPwV
usercustomervqlR3rqo@gr1.com,ajbPwV
usercustomer7aA7FvlW@gr1.com,ajbPwV
usercustomer9ScJEy9W@gr1.com,ajbPwV
usercustomerr6pwrM0t@gr1.com,ajbPwV
usercustomer9v7CU62E@gr1.com,ajbPwV
usercustomerH8j7lbJG@gr1.com,ajbPwV
usercustomerQcrKvcFi@gr1.com,ajbPwV
usercustomerJ1jddVVg@gr1.com,ajbPwV
usercustomerCM3cIqM9@gr1.com,ajbPwV
usercustomerhIhUxHbb@gr1.com,ajbPwV
usercustomertWSVmxxL@gr1.com,ajbPwV
usercustomerZWHOfT1v@gr1.com,ajbPwV
usercustomeriPidjYov@gr1.com,ajbPwV
usercustomer36aBiool@gr1.com,ajbPwV
usercustomerOOZj0dZc@gr1.com,ajbPwV
usercustomerRjPu0Dtt@gr1.com,ajbPwV
usercustomerrCRHf12d@gr1.com,ajbPwV
usercustomerX08mTjTe@gr1.com,ajbPwV
usercustomerfONKctN7@gr1.com,ajbPwV
usercustomerRtN1EPt7@gr1.com,ajbPwV
usercustomerQmTkXip7@gr1.com,ajbPwV
usercustomerZUpAoSnQ@gr1.com,ajbPwV
usercustomerRgSPy9pc@gr1.com,ajbPwV
usercustomerOPm4HPjN@gr1.com,ajbPwV
usercustomercCIciHQA@gr1.com,ajbPwV
usercustomercjW2mqWm@gr1.com,ajbPwV
usercustomerUtEHnxyA@gr1.com,ajbPwV
usercustomerkJLivQgw@gr1.com,ajbPwV
usercustomerYQYGjX3u@gr1.com,ajbPwV
usercustomer6Oat33Sc@gr1.com,ajbPwV
usercustomery9DyHFQd@gr1.com,ajbPwV
usercustomerPF1475a5@gr1.com,ajbPwV
usercustomer2DU2OcsU@gr1.com,ajbPwV
usercustomerMxdCBAAo@gr1.com,ajbPwV
usercustomerNi7ablnI@gr1.com,ajbPwV
usercustomerpiC8SDlo@gr1.com,ajbPwV
usercustomerPU0bUo4I@gr1.com,ajbPwV
usercustomerb1uK0PkN@gr1.com,ajbPwV
usercustomerLeMiQ0aW@gr1.com,ajbPwV
usercustomerFdxcjt15@gr1.com,ajbPwV
usercustomers2BpzJB8@gr1.com,ajbPwV
usercustomer74ioJCv0@gr1.com,ajbPwV
usercustomerljd0FiAP@gr1.com,ajbPwV
usercustomer2HBpchLQ@gr1.com,ajbPwV
usercustomerGra67p9M@gr1.com,ajbPwV
usercustomer1OJkEPUj@gr1.com,ajbPwV
usercustomerDn25wZz9@gr1.com,ajbPwV
usercustomer0To0ptT9@gr1.com,ajbPwV
usercustomerSDbN9WUM@gr1.com,ajbPwV
usercustomerbS8YNEgA@gr1.com,ajbPwV
usercustomerSF93FP8Z@gr1.com,ajbPwV
usercustomerFdfIpImM@gr1.com,ajbPwV
usercustomerWIW10jNT@gr1.com,ajbPwV
usercustomerNLLkO61a@gr1.com,ajbPwV
usercustomerJmgXjRmH@gr1.com,ajbPwV
usercustomerDXnbmF3j@gr1.com,ajbPwV
usercustomerKdjhLWCB@gr1.com,ajbPwV
usercustomerSrssIQMW@gr1.com,ajbPwV
usercustomerwNEY3E8w@gr1.com,ajbPwV
usercustomerCPy4ftlt@gr1.com,ajbPwV
usercustomerarVSajYr@gr1.com,ajbPwV
usercustomerBqKhBrwv@gr1.com,ajbPwV
usercustomerZ3KnrATg@gr1.com,ajbPwV
usercustomerDQ8edRX1@gr1.com,ajbPwV
usercustomerwzoFjkoH@gr1.com,ajbPwV
usercustomerUVj2QNMT@gr1.com,ajbPwV
usercustomerHZfuHVtf@gr1.com,ajbPwV
usercustomer1BWfhoLK@gr1.com,ajbPwV
usercustomeri3mgpWVb@gr1.com,ajbPwV
usercustomerNZsPfcmA@gr1.com,ajbPwV
usercustomerUSBKPjOq@gr1.com,ajbPwV
usercustomerGZWaY6ZW@gr1.com,ajbPwV
usercustomerJPjmTUOp@gr1.com,ajbPwV
usercustomersMjzFSvm@gr1.com,ajbPwV
usercustomerVstxmECp@gr1.com,ajbPwV
usercustomerlyXnzTM2@gr1.com,ajbPwV
usercustomerwNiyb8L2@gr1.com,ajbPwV
usercustomerMu1oIwrm@gr1.com,ajbPwV
usercustomerKifRhisC@gr1.com,ajbPwV
usercustomer5A3dOGoo@gr1.com,ajbPwV
usercustomer7Pk3XPuN@gr1.com,ajbPwV
usercustomerkxaPMl6J@gr1.com,ajbPwV
usercustomer8sHLwQXp@gr1.com,ajbPwV
usercustomero14uCqTf@gr1.com,ajbPwV
usercustomerV6vjHlCx@gr1.com,ajbPwV
usercustomerMtH0pVPN@gr1.com,ajbPwV
usercustomerYtJiGkRk@gr1.com,ajbPwV
usercustomerqQByy2tT@gr1.com,ajbPwV
usercustomerwAi4lopy@gr1.com,ajbPwV
usercustomerDLpo2KlM@gr1.com,ajbPwV
usercustomerDLQ2ADIz@gr1.com,ajbPwV
usercustomerEhaJBb5P@gr1.com,ajbPwV
usercustomera0UMVo8h@gr1.com,ajbPwV
usercustomerrZnfQ8pM@gr1.com,ajbPwV
usercustomerE0jTV9Nu@gr1.com,ajbPwV
usercustomeruPNXIFk3@gr1.com,ajbPwV
usercustomeriwsDPmzm@gr1.com,ajbPwV
usercustomerIAqATPej@gr1.com,ajbPwV
usercustomer9FXQRKSL@gr1.com,ajbPwV
usercustomerCdck4Ovm@gr1.com,ajbPwV
usercustomerIB9Hp6VS@gr1.com,ajbPwV
usercustomerOuAQQeoZ@gr1.com,ajbPwV
usercustomerOoDFVIFr@gr1.com,ajbPwV
usercustomertHooXCaE@gr1.com,ajbPwV
usercustomerAy19I5LS@gr1.com,ajbPwV
usercustomer8pfhnuiQ@gr1.com,ajbPwV
usercustomersUx5kzhF@gr1.com,ajbPwV
usercustomerAuoI1j3f@gr1.com,ajbPwV
usercustomerrtGnzItl@gr1.com,ajbPwV
usercustomerITjZoqmz@gr1.com,ajbPwV
usercustomerIXpYVF4z@gr1.com,ajbPwV
usercustomerswKj7Bm9@gr1.com,ajbPwV
usercustomerr6FWwRDy@gr1.com,ajbPwV
usercustomerk2hbo9ah@gr1.com,ajbPwV
usercustomer6yaCn1Iv@gr1.com,ajbPwV
usercustomereIXl4iMd@gr1.com,ajbPwV
usercustomerntw79fUo@gr1.com,ajbPwV
usercustomerY0n0ZNvx@gr1.com,ajbPwV
usercustomerlRiD8PCi@gr1.com,ajbPwV
usercustomerILVmUuaq@gr1.com,ajbPwV
usercustomerzARcSQBS@gr1.com,ajbPwV
usercustomerEDLJMluu@gr1.com,ajbPwV
usercustomerY8c0334G@gr1.com,ajbPwV
usercustomerHqWW12At@gr1.com,ajbPwV
usercustomerG405awWx@gr1.com,ajbPwV
usercustomer7XhzTeCM@gr1.com,ajbPwV
usercustomerlG6VAFbU@gr1.com,ajbPwV
usercustomer4vX0yGKr@gr1.com,ajbPwV
usercustomer569btlQ3@gr1.com,ajbPwV
usercustomerY7GA2pRb@gr1.com,ajbPwV
usercustomerYSnx1vGz@gr1.com,ajbPwV
usercustomervrgvpumY@gr1.com,ajbPwV
usercustomerLNzo1SsG@gr1.com,ajbPwV
usercustomerG3FtS7mE@gr1.com,ajbPwV
usercustomerKitv05kE@gr1.com,ajbPwV
usercustomer3zKL53kP@gr1.com,ajbPwV
usercustomers7KQn3OM@gr1.com,ajbPwV
usercustomer3NFRXplE@gr1.com,ajbPwV
usercustomeriXNhoRyL@gr1.com,ajbPwV
usercustomer798Oblr3@gr1.com,ajbPwV
usercustomerykgvqzaF@gr1.com,ajbPwV
usercustomerrZQhZpp4@gr1.com,ajbPwV
usercustomerxi8c8Y65@gr1.com,ajbPwV
usercustomer4yDw99Cg@gr1.com,ajbPwV
usercustomerQXn1WtFT@gr1.com,ajbPwV
usercustomer1AFgEj2i@gr1.com,ajbPwV
usercustomerIkZggLjx@gr1.com,ajbPwV
usercustomer4R80iVBC@gr1.com,ajbPwV
usercustomerQrgK5zVO@gr1.com,ajbPwV
